<?xml version="1.0" encoding="UTF-8"?>
<table>
	<record>
		<date>01-05-2023</date>
		<closingValue>25,05</closingValue>
	</record>
	<record>
		<date>02-05-2023</date>
		<closingValue>24,45</closingValue>
	</record>
	<record>
		<date>03-05-2023</date>
		<closingValue>24,45</closingValue>
	</record>
	<record>
		<date>04-05-2023</date>
		<closingValue>23,98</closingValue>
	</record>
	<record>
		<date>05-05-2023</date>
		<closingValue>24,56</closingValue>
	</record>
	<record>
		<date>06-05-2023</date>
		<closingValue>23,66</closingValue>
	</record>
	<record>
		<date>07-05-2023</date>
		<closingValue>24,38</closingValue>
	</record>
	<record>
		<date>08-05-2023</date>
		<closingValue>24,67</closingValue>
	</record>
	<record>
		<date>09-05-2023</date>
		<closingValue>25,15</closingValue>
	</record>
	<record>
		<date>10-05-2023</date>
		<closingValue>25,43</closingValue>
	</record>
	<record>
		<date>11-05-2023</date>
		<closingValue>25,43</closingValue>
	</record>
	<record>
		<date>12-05-2023</date>
		<closingValue>25,27</closingValue>
	</record>
	<record>
		<date>13-05-2023</date>
		<closingValue>25,27</closingValue>
	</record>
	<record>
		<date>14-05-2023</date>
		<closingValue>25,71</closingValue>
	</record>
	<record>
		<date>15-05-2023</date>
		<closingValue>25,71</closingValue>
	</record>
	<record>
		<date>16-05-2023</date>
		<closingValue>26,27</closingValue>
	</record>
	<record>
		<date>17-05-2023</date>
		<closingValue>26,27</closingValue>
	</record>
	<record>
		<date>18-05-2023</date>
		<closingValue>26,27</closingValue>
	</record>
	<record>
		<date>19-05-2023</date>
		<closingValue>27,13</closingValue>
	</record>
	<record>
		<date>20-05-2023</date>
		<closingValue>27,8</closingValue>
	</record>
	<record>
		<date>21-05-2023</date>
		<closingValue>27,5</closingValue>
	</record>
	<record>
		<date>22-05-2023</date>
		<closingValue>26,52</closingValue>
	</record>
	<record>
		<date>23-05-2023</date>
		<closingValue>26,52</closingValue>
	</record>
	<record>
		<date>24-05-2023</date>
		<closingValue>26,52</closingValue>
	</record>
	<record>
		<date>25-05-2023</date>
		<closingValue>27,16</closingValue>
	</record>
	<record>
		<date>26-05-2023</date>
		<closingValue>27,16</closingValue>
	</record>
	<record>
		<date>27-05-2023</date>
		<closingValue>27,8</closingValue>
	</record>
	<record>
		<date>28-05-2023</date>
		<closingValue>27,36</closingValue>
	</record>
	<record>
		<date>29-05-2023</date>
		<closingValue>27,59</closingValue>
	</record>
	<record>
		<date>30-05-2023</date>
		<closingValue>27,59</closingValue>
	</record>
	<record>
		<date>31-05-2023</date>
		<closingValue>28,14</closingValue>
	</record>
</table>