<?xml version="1.0" encoding="UTF-8"?>
<table>
    <record>
        <date>05-01-2023</date>
        <closingValue>25.05</closingValue>
    </record>
    <record>
        <date>05-02-2023</date>
        <closingValue>24.45</closingValue>
    </record>
    <record>
        <date>05-03-2023</date>
        <closingValue>24.45</closingValue>
    </record>
    <record>
        <date>05-04-2023</date>
        <closingValue>23.98</closingValue>
    </record>
    <record>
        <date>05-05-2023</date>
        <closingValue>24.56</closingValue>
    </record>
    <record>
        <date>05-06-2023</date>
        <closingValue>23.66</closingValue>
    </record>
    <record>
        <date>05-07-2023</date>
        <closingValue>24.38</closingValue>
    </record>
    <record>
        <date>05-08-2023</date>
        <closingValue>24.67</closingValue>
    </record>
    <record>
        <date>05-09-2023</date>
        <closingValue>25.15</closingValue>
    </record>
    <record>
        <date>05-10-2023</date>
        <closingValue>25.43</closingValue>
    </record>
    <record>
        <date>05-11-2023</date>
        <closingValue>25.43</closingValue>
    </record>
    <record>
        <date>05-12-2023</date>
        <closingValue>25.27</closingValue>
    </record>
    <record>
        <date>05-13-2023</date>
        <closingValue>25.27</closingValue>
    </record>
    <record>
        <date>05-14-2023</date>
        <closingValue>25.71</closingValue>
    </record>
    <record>
        <date>05-15-2023</date>
        <closingValue>25.71</closingValue>
    </record>
    <record>
        <date>05-16-2023</date>
        <closingValue>26.27</closingValue>
    </record>
    <record>
        <date>05-17-2023</date>
        <closingValue>26.27</closingValue>
    </record>
    <record>
        <date>05-18-2023</date>
        <closingValue>26.27</closingValue>
    </record>
    <record>
        <date>05-19-2023</date>
        <closingValue>27.13</closingValue>
    </record>
    <record>
        <date>05-20-2023</date>
        <closingValue>27.8</closingValue>
    </record>
    <record>
        <date>05-21-2023</date>
        <closingValue>27.5</closingValue>
    </record>
    <record>
        <date>05-22-2023</date>
        <closingValue>26.52</closingValue>
    </record>
    <record>
        <date>05-23-2023</date>
        <closingValue>26.52</closingValue>
    </record>
    <record>
        <date>05-24-2023</date>
        <closingValue>26.52</closingValue>
    </record>
    <record>
        <date>05-25-2023</date>
        <closingValue>27.16</closingValue>
    </record>
    <record>
        <date>05-26-2023</date>
        <closingValue>27.16</closingValue>
    </record>
    <record>
        <date>05-27-2023</date>
        <closingValue>27.8</closingValue>
    </record>
    <record>
        <date>05-28-2023</date>
        <closingValue>27.36</closingValue>
    </record>
    <record>
        <date>05-29-2023</date>
        <closingValue>27.59</closingValue>
    </record>
    <record>
        <date>05-30-2023</date>
        <closingValue>27.59</closingValue>
    </record>
    <record>
        <date>05-31-2023</date>
        <closingValue>28.14</closingValue>
    </record>
</table>
